"Remote Data: Time (s)","Remote Data: Temperature (°C)","Remote Data: Temperature 2 (°C)"
0,50.0007641368,51.0041895326
1,49.9107832817,50.9723739613
2,49.8795995952,50.9424471186
3,49.8209484412,50.8807756123
4,49.7605292698,50.759507706
5,49.7312587439,50.6682701601
6,49.6727638115,50.6087693888
7,49.6125051059,50.5177851484
8,49.5523113219,50.4881089761
9,49.5231497485,50.3658654069
10,49.4648720845,50.3066942167
11,49.4339366764,50.1866992974
12,49.3757514758,50.0964147003
13,49.3158109179,50.0062779318
14,49.2867717549,49.9162881086
15,49.226925608,49.8264443535
16,49.1689534028,49.7678493084
17,49.1399895366,49.678245104
18,49.0802982273,49.6179804834
19,49.0513795522,49.528616387
20,48.9340482774,49.439394628
21,48.8457577462,49.3503143588
22,48.7863734382,49.2631884314
23,48.7288473103,49.2033672379
24,48.6695837401,49.1436092107
25,48.61217423,49.0857221176
26,48.5816986563,48.9971966296
27,48.5816986563,48.9376548721
28,48.495736639,48.8799766678
29,48.4653223489,48.8205568868
30,48.4653223489,48.7629964964
31,48.436711704,48.7036977321
32,48.3777467488,48.6749688158
33,48.3491791986,48.5870755297
34,48.2920861201,48.5279574249
35,48.2920861201,48.4993158409
36,48.2332673739,48.440287263
37,48.2047705025,48.3831047271
38,48.1460395088,48.3527493753
39,48.1175850579,48.2956527991
40,48.089144404,48.2083318518
41,48.0589412969,48.1495972866
42,48.0305290152,48.1211411092
43,48.0305290152,48.0624937979
44,48.0021304488,48.0340797998
45,47.943601608,47.9772929332
46,47.9152448798,47.9471471571
47,47.8869017594,47.9187887261
48,47.8585722203,47.8904439061
49,47.8284869367,47.8037222886
50,47.8001853261,47.7754324928
51,47.8001853261,47.7453893521
52,47.7418558639,47.6888787246
53,47.7135955174,47.6588792654
54,47.685348592,47.6306582693
55,47.685348592,47.5724945815
56,47.6571150617,47.5443143724
57,47.6271315836,47.516147429
58,47.5989255986,47.4580948947
59,47.5707329293,47.4299684184
60,47.54255355,47.4018551038
61,47.5126274926,47.3719990999
62,47.4844754426,47.315839686
63,47.4563366039,47.315839686
64,47.4264535348,47.2579799963
65,47.4264535348,47.2299467433
66,47.3702433255,47.2019264714
67,47.3702433255,47.1441755507
68,47.3421578951,47.1161948777
69,47.3123314591,47.0864795242
70,47.3123314591,47.0585253877
71,47.2562275372,47.0305840792
72,47.2281950962,46.9729955378
73,47.2281950962,46.9729955378
74,47.1984248489,46.9172039113
75,47.1704191509,46.8875852889
76,47.1424263808,46.8597220118
77,47.1126981997,46.8318713867
78,47.1126981997,46.8040333891
79,47.0847320144,46.7744693254
80,47.0567786803,46.7466572949
81,47.0567786803,46.6893345989
82,47.0288381728,46.6615609345
83,46.9991654098,46.6337997485
84,46.9712512784,46.6337997485
85,46.9433498976,46.5488584874
86,46.9433498976,46.5488584874
87,46.885843463,46.5211477468
88,46.885843463,46.4917186235
89,46.8579809773,46.4640333419
90,46.8579809773,46.4363603674
91,46.8301311421,46.4069712903
92,46.8005545261,46.379323624
93,46.7727307052,46.3516881918
94,46.7727307052,46.3223389237
95,46.74491946,46.2947286497
96,46.717120766,46.2671305374
97,46.6875983789,46.2395445632
98,46.6875983789,46.210247739
99,46.6598254951,46.210247739
100,46.6598254951,46.1826867253
101,46.6320650882,46.1551377777
102,46.6320650882,46.0983560804
103,46.5748485502,46.0708439398
104,46.5748485502,46.0708439398
105,46.5471262037,46.0433437705
106,46.5194162361,46.0141379316
107,46.5194162361,45.9866623796
108,46.5194162361,45.959198728
109,46.4899879323,45.9300316114
110,46.4623034206,45.9300316114
111,46.4623034206,45.902592431
112,46.4346312146,45.8751650802
113,46.4069712903,45.8460364561
114,46.4069712903,45.8186334313
115,46.3775960513,45.791242166
116,46.3775960513,45.7638626371
117,46.349961383,45.7347847219
118,46.3223389237,45.7347847219
119,46.3223389237,45.7074293276
120,46.2930034116,45.7074293276
121,46.2930034116,45.6510456476
122,46.2930034116,45.6510456476
123,46.2378208423,45.6237259112
124,46.2378208423,45.5964177722
125,46.210247739,45.5691212082
126,46.210247739,45.5401312664
127,46.1809645628,45.5401312664
128,46.1809645628,45.5128585044
129,46.1534163685,45.4855972486
130,46.1534163685,45.4855972486
131,46.1258802155,45.4294071511
132,46.0983560804,45.4294071511
133,46.0983560804,45.4021809933
134,46.0691248287,45.373265708
135,46.0691248287,45.34606307
136,46.0416254069,45.3188718015
137,46.0141379316,45.3188718015
138,46.0141379316,45.2916918804
139,45.984945553,45.2628256228
140,45.984945553,45.2628256228
141,45.9574826443,45.2085237286
142,45.9574826443,45.2085237286
143,45.9574826443,45.1796941743
144,45.902592431,45.1796941743
145,45.902592431,45.1254611626
146,45.902592431,45.1254611626
147,45.8734512631,45.0983614536
148,45.8734512631,45.0695802501
149,45.8460364561,45.0695802501
150,45.8460364561,45.0425035529
151,45.8460364561,45.0425035529
152,45.8186334313,44.9866929724
153,45.791242166,44.9866929724
154,45.7621518057,44.9866929724
155,45.7621518057,44.9596502737
156,45.7621518057,44.9039096054
157,45.7347847219,44.9039096054
158,45.7347847219,44.8769007021
159,45.7347847219,44.8499027904
160,45.7074293276,44.8499027904
161,45.7074293276,44.8499027904
162,45.678377004,44.8229158487
163,45.6510456476,44.7672898351
164,45.6510456476,44.7672898351
165,45.6237259112,44.7403363557
166,45.6237259112,44.7403363557
167,45.6237259112,44.711710208
168,45.5964177722,44.6292680566
169,45.5674155568,44.6292680566
170,45.5674155568,44.6292680566
171,45.5674155568,44.5754829743
172,45.5401312664,44.5486065736
173,45.5401312664,44.5486065736
174,45.5401312664,44.5486065736
175,45.5128585044,44.5200621565
176,45.5128585044,44.4932078677
177,45.4855972486,44.4663642677
178,45.4855972486,44.437854631
179,45.4566447464,44.437854631
180,45.4294071511,44.4110330105
181,45.4294071511,44.4110330105
182,45.4294071511,44.3842220146
183,45.4294071511,44.3842220146
184,45.4021809933,44.3289578014
185,45.4021809933,44.3289578014
186,45.373265708,44.302179214
187,45.34606307,44.302179214
188,45.34606307,44.302179214
189,45.34606307,44.2469816425
190,45.3188718015,44.2469816425
191,45.3188718015,44.2202352691
192,45.3188718015,44.2202352691
193,45.2916918804,44.1934993726
194,45.2916918804,44.165103939
195,45.2916918804,44.165103939
196,45.2916918804,44.165103939
197,45.2628256228,44.1116856468
198,45.2628256228,44.1116856468
199,45.2356690358,44.084992101
200,45.2085237286,44.084992101
201,45.2085237286,44.0566415737
202,45.1796941743,44.0299693997
203,45.1796941743,44.0299693997
204,45.1796941743,44.0033075564
205,45.1796941743,43.9749906446
206,45.1796941743,43.9749906446
207,45.1525720622,43.9483500444
208,45.1254611626,43.9483500444
209,45.1254611626,43.8950996293
210,45.1254611626,43.8950996293
211,45.0983614536,43.8950996293
212,45.0983614536,43.8668269972
213,45.0695802501,43.8668269972
214,45.0695802501,43.8402279871
215,45.0695802501,43.8136391635
216,45.0425035529,43.7853996773
217,45.0425035529,43.7853996773
218,45.0425035529,43.7853996773
219,45.0154379797,43.7588317997
220,44.9883835087,43.7588317997
221,44.9883835087,43.7322740472
222,44.9883835087,43.7040675067
223,44.9883835087,43.7040675067
224,44.9883835087,43.6775305737
225,44.9596502737,43.6775305737
226,44.9596502737,43.6510037044
227,44.9326186325,43.6510037044
228,44.9055980273,43.5963237349
229,44.9055980273,43.5963237349
230,44.9055980273,43.5698275621
231,44.8769007021,43.5698275621
232,44.8769007021,43.5698275621
233,44.8769007021,43.5433413725
234,44.8499027904,43.5433413725
235,44.8499027904,43.5152107122
236,44.8499027904,43.4887450501
237,44.8229158487,43.4887450501
238,44.8229158487,43.4622893106
239,44.8229158487,43.4622893106
240,44.8229158487,43.4358434739
241,44.7959398555,43.4358434739
242,44.7672898351,43.4358434739
243,44.7672898351,43.381330127
244,44.7672898351,43.381330127
245,44.7403363557,43.3549144957
246,44.7403363557,43.3268586503
247,44.7403363557,43.3268586503
248,44.7403363557,43.3268586503
249,44.7133937594,43.300463258
250,44.6309495353,43.300463258
251,44.6309495353,43.2460536362
252,44.6309495353,43.2460536362
253,44.6309495353,43.2460536362
254,44.6040509329,43.2460536362
255,44.6040509329,43.2196881429
256,44.6040509329,43.193332373
257,44.5754829743,43.1669863072
258,44.5754829743,43.1669863072
259,44.5486065736,43.1669863072
260,44.5486065736,43.1390042235
261,44.5486065736,43.1126781114
262,44.5486065736,43.1126781114
263,44.5486065736,43.1126781114
264,44.5217409049,43.0863616443
265,44.5217409049,43.0584109445
266,44.4948859474,43.0584109445
267,44.4948859474,43.0321143095
268,44.4663642677,43.0321143095
269,44.4663642677,43.0058272607
270,44.4663642677,43.0058272607
271,44.4395313355,43.0058272607
272,44.4395313355,42.9795497788
273,44.4395313355,42.9516404156
274,44.4127090502,42.9516404156
275,44.4127090502,42.9253826054
276,44.4127090502,42.9253826054
277,44.4127090502,42.8991343038
278,44.385897391,42.8991343038
279,44.3574216226,42.8712558806
280,44.385897391,42.8712558806
281,44.3574216226,42.8450271304
282,44.3306318135,42.8450271304
283,44.3306318135,42.8188078305
284,44.3306318135,42.8188078305
285,44.3306318135,42.7909601581
286,44.3038525667,42.7909601581
287,44.3038525667,42.76476029
288,44.3038525667,42.76476029
289,44.3038525667,42.7385698144
290,44.2754111669,42.7385698144
291,44.2754111669,42.7123887124
292,44.2486536392,42.7123887124
293,44.2486536392,42.6845815413
294,44.2486536392,42.6845815413
295,44.2219066103,42.6584197132
296,44.2219066103,42.6584197132
297,44.2219066103,42.6322672013
298,44.2219066103,42.6044903441
299,44.1951700596,42.6044903441
300,44.1951700596,42.5783569877
301,44.1951700596,42.5783569877
302,44.1951700596,42.5783569877
303,44.1667739323,42.5522328901
304,44.1667739323,42.5522328901
305,44.1400589277,42.5244861607
306,44.1400589277,42.5244861607
307,44.1400589277,42.4983811008
308,44.1133543383,42.4983811008
309,44.1133543383,42.4983811008
310,44.1133543383,42.4722852429
311,44.1133543383,42.4461985684
312,44.1133543383,42.4461985684
313,44.0866601435,42.4461985684
314,44.0866601435,42.4184915183
315,44.0866601435,42.3924237261
316,44.0583089281,42.3924237261
317,44.0583089281,42.3924237261
318,44.0583089281,42.3663650606
319,44.0316361077,42.3663650606
320,44.0316361077,42.3386877082
321,44.0316361077,42.3126478086
322,43.9766560236,42.3126478086
323,44.0049736193,42.3126478086
324,44.0049736193,42.2866169794
325,44.0049736193,42.2866169794
326,43.9766560236,42.2605952023
327,43.9766560236,42.2605952023
328,43.9766560236,42.2605952023
329,43.9766560236,42.232956962
330,43.9766560236,42.206953797
331,43.9500147809,42.206953797
332,43.9500147809,42.1809596281
333,43.923383808,42.1809596281
334,43.923383808,42.1809596281
335,43.923383808,42.1533506602
336,43.923383808,42.1533506602
337,43.8967630847,42.1273749882
338,43.868489774,42.1273749882
339,43.868489774,42.1014082564
340,43.868489774,42.1014082564
341,43.868489774,42.0738283797
342,43.868489774,42.0738283797
343,43.868489774,42.0478800301
344,43.8418901266,42.0478800301
345,43.8418901266,42.0478800301
346,43.8418901266,42.0219405654
347,43.8153006669,42.0219405654
348,43.7870605062,41.9960099675
349,43.8153006669,41.9960099675
350,43.7870605062,41.9684684024
351,43.7870605062,41.9684684024
352,43.7870605062,41.9425560354
353,43.7870605062,41.9425560354
354,43.7870605062,41.9425560354
355,43.7604919952,41.9425560354
356,43.7604919952,41.8891395872
357,43.7604919952,41.8891395872
358,43.7339336105,41.8632541491
359,43.7339336105,41.8632541491
360,43.7339336105,41.8632541491
361,43.7073853319,41.8632541491
362,43.6791888369,41.8632541491
363,43.7073853319,41.8373774678
364,43.6791888369,41.8115095253
365,43.6791888369,41.8115095253
366,43.6791888369,41.7840343917
367,43.6791888369,41.7840343917
368,43.6791888369,41.7840343917
369,43.6526613393,41.7581844169
370,43.6526613393,41.7323431264
371,43.6526613393,41.7323431264
372,43.6261438867,41.7323431264
373,43.5996364594,41.7323431264
374,43.5996364594,41.7048962508
375,43.5996364594,41.6790728156
376,43.5996364594,41.6790728156
377,43.5996364594,41.6790728156
378,43.5714832803,41.6532580104
379,43.5714832803,41.6258392161
380,43.5714832803,41.6258392161
381,43.5714832803,41.6258392161
382,43.5449964672,41.6258392161
383,43.5449964672,41.6000421545
384,43.5449964672,41.6000421545
385,43.5449964672,41.5742536688
386,43.5185196187,41.5484737415
387,43.5185196187,41.5484737415
388,43.5185196187,41.5484737415
389,43.4903988631,41.5484737415
390,43.4903988631,41.5210919264
391,43.4903988631,41.5210919264
392,43.463942504,41.5210919264
393,43.463942504,41.4953295951
394,43.463942504,41.4953295951
395,43.4374960489,41.4695757684
396,43.4374960489,41.4422216265
397,43.4374960489,41.4422216265
398,43.4374960489,41.4422216265
399,43.4374960489,41.4164852852
400,43.4110594783,41.4164852852
401,43.4110594783,41.4164852852
402,43.4110594783,41.390757395
403,43.3829814305,41.390757395
404,43.3829814305,41.390757395
405,43.3829814305,41.3650379385
406,43.3565651846,41.3377202373
407,43.3565651846,41.3377202373
408,43.3565651846,41.3377202373
409,43.3565651846,41.3120181203
410,43.3301587632,41.3120181203
411,43.3301587632,41.3120181203
412,43.3301587632,41.2863243837
413,43.3301587632,41.2863243837
414,43.3037621466,41.2590339517
415,43.3037621466,41.2590339517
416,43.3037621466,41.180425931
417,43.3037621466,41.180425931
418,43.275726463,41.180425931
419,43.275726463,41.1547748729
420,43.2493500075,41.1547748729
421,43.2493500075,41.1547748729
422,43.2493500075,41.1291320897
423,43.2493500075,41.1291320897
424,43.2229832974,41.1291320897
425,43.2229832974,41.103497564
426,43.2229832974,41.103497564
427,43.2229832974,41.0762699092
428,43.1686326524,41.0506523607
429,43.1949793241,41.0506523607
430,43.1686326524,41.0506523607
431,43.1686326524,41.0250430174
432,43.1686326524,41.0250430174
433,43.1686326524,41.0250430174
434,43.1422956666,41.0250430174
435,43.1422956666,41.0250430174
436,43.1422956666,40.9978420614
437,43.1159683476,40.9722495874
438,43.1159683476,40.9722495874
439,43.1159683476,40.9722495874
440,43.1159683476,40.9466652664
441,43.1159683476,40.9210890813
442,43.0880061413,40.9210890813
443,43.0880061413,40.9210890813
444,43.0616986989,40.8939232803
445,43.0880061413,40.8939232803
446,43.0616986989,40.8939232803
447,43.0616986989,40.8939232803
448,43.0616986989,40.8939232803
449,43.0354008643,40.8428124481
450,43.0354008643,40.8428124481
451,43.0354008643,40.8428124481
452,43.0091126182,40.8156729521
453,43.0091126182,40.8156729521
454,43.0091126182,40.8156729521
455,43.0091126182,40.8156729521
456,42.9811918415,40.7901381981
457,42.9811918415,40.7901381981
458,42.9811918415,40.7646114765
459,42.9549233114,40.7646114765
460,42.9549233114,40.7646114765
461,42.9549233114,40.7374981172
462,42.9286643113,40.7119879094
463,42.9286643113,40.7119879094
464,42.9286643113,40.7119879094
465,42.9286643113,40.6864856826
466,42.9007745444,40.6864856826
467,42.9007745444,40.6864856826
468,42.9007745444,40.66099142
469,42.9007745444,40.6339124736
470,42.9007745444,40.6339124736
471,42.8745351398,40.6084345844
472,42.8745351398,40.6339124736
473,42.8483052069,40.6084345844
474,42.8483052069,40.6084345844
475,42.8220847268,40.5829646081
476,42.8483052069,40.5829646081
477,42.8220847268,40.5829646081
478,42.8220847268,40.5829646081
479,42.8220847268,40.5559114101
480,42.8220847268,40.5559114101
481,42.794235803,40.5559114101
482,42.794235803,40.530457702
483,42.794235803,40.530457702
484,42.794235803,40.505011856
485,42.7680347594,40.4779842405
486,42.7418431108,40.505011856
487,42.7418431108,40.4779842405
488,42.7418431108,40.4779842405
489,42.7418431108,40.4525545577
490,42.7156608382,40.4525545577
491,42.7156608382,40.4525545577
492,42.7156608382,40.4271326862
493,42.7156608382,40.4271326862
494,42.7156608382,40.4017186096
495,42.7156608382,40.4017186096
496,42.7156608382,40.4017186096
497,42.7156608382,40.4017186096
498,42.6878524258,40.3747246756
499,42.6878524258,40.3747246756
500,42.6616894319,40.3747246756
501,42.6616894319,40.3493266238
502,42.6616894319,40.3493266238
503,42.6355357564,40.3239363164
504,42.6355357564,40.3239363164
505,42.6355357564,40.3239363164
506,42.6077576657,40.2969675819
507,42.6077576657,40.2969675819
508,42.6077576657,40.2969675819
509,42.5816231505,40.2715931954
510,42.5816231505,40.2715931954
511,42.5816231505,40.2715931954
512,42.5816231505,40.2462265031
513,42.5816231505,40.2208674886
514,42.5816231505,40.2208674886
515,42.5554978966,40.2208674886
516,42.5293818853,40.1939319299
517,42.5293818853,40.1939319299
518,42.5293818853,40.1939319299
519,42.5293818853,40.1939319299
520,42.5016437297,40.1939319299
521,42.5016437297,40.1685886993
522,42.5016437297,40.1685886993
523,42.5016437297,40.1432530965
524,42.5016437297,40.1432530965
525,42.4755467225,40.1432530965
526,42.4755467225,40.1163423581
527,42.4755467225,40.0910224363
528,42.4755467225,40.0910224363
529,42.4494589011,40.0910224363
530,42.4494589011,40.0910224363
531,42.4494589011,40.0657100925
532,42.4494589011,40.0657100925
533,42.4217506349,40.0657100925
534,42.3956817006,40.0388240124
535,42.4217506349,40.0388240124
536,42.4217506349,40.0388240124
537,42.3956817006,40.0135272473
538,42.3956817006,40.0135272473
539,42.3956817006,39.9882380106
540,42.3696218953,39.9882380106
541,42.3696218953,39.9882380106
542,42.3696218953,39.9882380106
543,42.3696218953,39.9629562863
544,42.3696218953,39.9629562863
545,42.3435712007,39.9629562863
546,42.3159022996,39.9629562863
547,42.3159022996,39.9361026676
548,42.3159022996,39.9108363866
549,42.3159022996,39.9361026676
550,42.2898703376,39.9108363866
551,42.2898703376,39.9108363866
552,42.2898703376,39.8855775688
553,42.2898703376,39.8855775688
554,42.26384743,39.8855775688
555,42.26384743,39.8587482341
556,42.26384743,39.8587482341
557,42.26384743,39.8587482341
558,42.2378335584,39.8335047582
559,42.2378335584,39.8335047582
560,42.2378335584,39.8082686962
561,42.2378335584,39.8082686962
562,42.2102037003,39.8082686962
563,42.2102037003,39.8082686962
564,42.1842084078,39.7830400322
565,42.1842084078,39.7830400322
566,42.1842084078,39.7562426649
567,42.1842084078,39.7562426649
568,42.1582220955,39.7562426649
569,42.1582220955,39.7562426649
570,42.1582220955,39.7562426649
571,42.1582220955,39.7310292088
572,42.1582220955,39.7310292088
573,42.1306214579,39.7058231019
574,42.1306214579,39.7058231019
575,42.1046536096,39.6790496481
576,42.1046536096,39.6790496481
577,42.1046536096,39.6790496481
578,42.0786946858,39.6790496481
579,42.0786946858,39.6538586486
580,42.0786946858,39.6538586486
581,42.0786946858,39.6538586486
582,42.0786946858,39.6538586486
583,42.0527446683,39.6286749497
584,42.0527446683,39.601925251
585,42.0527446683,39.601925251
586,42.0251825132,39.601925251
587,42.0251825132,39.5767565594
588,42.0251825132,39.5767565594
589,42.0251825132,39.5767565594
590,41.999250808,39.5515951198
591,41.999250808,39.5515951198
592,41.999250808,39.5515951198
593,41.9733279537,39.5515951198
594,41.9733279537,39.5515951198
595,41.9733279537,39.5264409165
596,41.9733279537,39.5264409165
597,41.9733279537,39.5264409165
598,41.9733279537,39.4997224867
599,41.9733279537,39.4997224867
600,41.9474139325,39.4745831586
601,41.9474139325,39.4745831586
602,41.9198899431,39.4745831586
603,41.9198899431,39.4745831586
604,41.8939940831,39.4494510185
605,41.8939940831,39.4494510185
606,41.8939940831,39.4494510185
607,41.8681070012,39.4227559781
608,41.8681070012,39.4227559781
609,41.8681070012,39.3976386139
610,41.8681070012,39.3976386139
611,41.8681070012,39.3976386139
612,41.8681070012,39.3976386139
613,41.8681070012,39.3725283899
614,41.8406115746,39.3725283899
615,41.8406115746,39.3725283899
616,41.8147425408,39.3725283899
617,41.8406115746,39.3474252902
618,41.8147425408,39.3474252902
619,41.8147425408,39.3474252902
620,41.8147425408,39.3207610357
621,41.7888822303,39.3207610357
622,41.7888822303,39.3207610357
623,41.7630306251,39.3207610357
624,41.7630306251,39.295672581
625,41.8147425408,39.270591203
626,41.7630306251,39.270591203
627,41.7355728134,39.270591203
628,41.7355728134,39.270591203
629,41.7355728134,39.2439499754
630,41.7355728134,39.2439499754
631,41.7355728134,39.2439499754
632,41.7097391071,39.2439499754
633,41.7097391071,39.2439499754
634,41.6839140518,39.218883144
635,41.6839140518,39.1938233417
636,41.6839140518,39.1938233417
637,41.6839140518,39.1938233417
638,41.6839140518,39.1672049863
639,41.6839140518,39.1672049863
640,41.6580976299,39.1672049863
641,41.6580976299,39.1672049863
642,41.6580976299,39.1672049863
643,41.6306771213,39.1421596326
644,41.6306771213,39.1421596326
645,41.6306771213,39.1421596326
646,41.6306771213,39.1171212607
647,41.6306771213,39.1171212607
648,41.6048784497,39.0920898551
649,41.6048784497,39.0920898551
650,41.6048784497,39.0920898551
651,41.6048784497,39.0920898551
652,41.6048784497,39.0655016025
653,41.5790883574,39.0655016025
654,41.5790883574,39.0655016025
655,41.5516957649,39.0655016025
656,41.5516957649,39.0404845162
657,41.5516957649,39.0404845162
658,41.5516957649,39.0404845162
659,41.5516957649,39.0154743491
660,41.5516957649,39.0154743491
661,41.5259233117,39.0154743491
662,41.5259233117,38.9889086107
663,41.5259233117,38.9889086107
664,41.5259233117,38.9639126659
665,41.5001593839,38.9639126659
666,41.4744039639,38.9639126659
667,41.4744039639,38.9639126659
668,41.4744039639,38.9639126659
669,41.4744039639,38.9639126659
670,41.4470481327,38.9389235932
671,41.4470481327,38.9389235932
672,41.4470481327,38.9389235932
673,41.4470481327,38.9139413774
674,41.4470481327,38.9139413774
675,41.4213102049,38.9139413774
676,41.4213102049,38.8874052692
677,41.4213102049,38.8874052692
678,41.4213102049,38.8874052692
679,41.4213102049,38.8624371475
680,41.4213102049,38.8624371475
681,41.3955807315,38.8624371475
682,41.3955807315,38.8374758359
683,41.3955807315,38.8374758359
684,41.369859695,38.8374758359
685,41.369859695,38.8374758359
686,41.369859695,38.8374758359
687,41.3425403186,38.8109618873
688,41.3425403186,38.8109618873
689,41.3425403186,38.7860145736
690,41.3425403186,38.7860145736
691,41.3425403186,38.7860145736
692,41.3168366283,38.7860145736
693,41.3168366283,38.7610740235
694,41.3168366283,38.7610740235
695,41.3168366283,38.7610740235
696,41.3168366283,38.7345820829
697,41.2911413217,38.7345820829
698,41.2911413217,38.7345820829
699,41.2638492251,38.7345820829
700,41.2638492251,38.7096554348
701,41.2638492251,38.7096554348
702,41.2381711553,38.7096554348
703,41.2381711553,38.7096554348
704,41.2381711553,38.6847355039
705,41.2381711553,38.6847355039
706,41.2381711553,38.659822275
707,41.1868399904,38.659822275
708,41.1868399904,38.659822275
709,41.1868399904,38.659822275
710,41.1595838155,38.633359296
711,41.1595838155,38.633359296
712,41.1595838155,38.633359296
713,41.1595838155,38.633359296
714,41.133939482,38.6084598426
715,41.133939482,38.6084598426
716,41.133939482,38.583567045
717,41.133939482,38.583567045
718,41.1083034093,38.583567045
719,41.1083034093,38.583567045
720,41.1083034093,38.583567045
721,41.1083034093,38.5571257238
722,41.0826755803,38.5571257238
723,41.0826755803,38.5571257238
724,41.1083034093,38.5571257238
725,41.0826755803,38.5322466066
726,41.0554550255,38.5322466066
727,41.0554550255,38.5322466066
728,41.0554550255,38.5322466066
729,41.0554550255,38.5073740994
730,41.029844145,38.5073740994
731,41.029844145,38.5073740994
732,41.029844145,38.5073740994
733,41.029844145,38.4560953646
734,41.0042414558,38.4560953646
735,41.0042414558,38.4560953646
736,41.0042414558,38.4312430071
737,41.0042414558,38.4560953646
738,41.0042414558,38.4312430071
739,41.0042414558,38.4312430071
740,40.9770475547,38.4312430071
741,40.9514617063,38.4312430071
742,40.9770475547,38.4312430071
743,40.9770475547,38.4063971988
744,40.9514617063,38.3800056868
745,40.9514617063,38.4063971988
746,40.9258839971,38.3800056868
747,40.9258839971,38.3800056868
748,40.9258839971,38.3551733391
749,40.9258839971,38.3800056868
750,40.90031441,38.3551733391
751,40.90031441,38.3551733391
752,40.90031441,38.3551733391
753,40.90031441,38.330347495
754,40.90031441,38.330347495
755,40.90031441,38.330347495
756,40.90031441,38.330347495
757,40.8731556043,38.3039771449
758,40.8731556043,38.3039771449
759,40.8476027158,38.3039771449
760,40.8476027158,38.3039771449
761,40.8476027158,38.2791646675
762,40.8476027158,38.2791646675
763,40.8220578976,38.2543586482
764,40.8220578976,38.2543586482
765,40.8220578976,38.2543586482
766,40.8220578976,38.2543586482
767,40.8220578976,38.2543586482
768,40.8220578976,38.2543586482
769,40.7949253521,38.2295590722
770,40.7949253521,38.2295590722
771,40.7949253521,38.2295590722
772,40.7949253521,38.2032165662
773,40.7693971258,38.1784302329
774,40.7693971258,38.1784302329
775,40.7693971258,38.1784302329
776,40.7438769182,38.1784302329
777,40.7438769182,38.1536502977
778,40.7183647125,38.1536502977
779,40.7183647125,38.1536502977
780,40.7183647125,38.1536502977
781,40.7183647125,38.1536502977
782,40.7183647125,38.1273286104
783,40.7183647125,38.1273286104
784,40.7183647125,38.1273286104
785,40.691266743,38.1025618248
786,40.691266743,38.1273286104
787,40.691266743,38.1273286104
788,40.691266743,38.1025618248
789,40.6657709883,38.1025618248
790,40.6657709883,38.1025618248
791,40.6657709883,38.0778013921
792,40.6657709883,38.0515003771
793,40.6402831843,38.0515003771
794,40.6402831843,38.0515003771
795,40.6148033142,38.0515003771
796,40.6148033142,38.0515003771
797,40.6148033142,38.0267530012
798,40.6148033142,38.0267530012
799,40.5877396267,38.0267530012
800,40.5877396267,38.0267530012
801,40.5877396267,38.0020119335
802,40.5877396267,38.0020119335
803,40.5877396267,38.0020119335
804,40.5877396267,37.926281501
805,40.5877396267,37.926281501
806,40.5622760676,37.926281501
807,40.5622760676,37.926281501
808,40.5622760676,37.926281501
809,40.5368203913,37.926281501
810,40.5368203913,37.9015659097
811,40.5368203913,37.9015659097
812,40.509782354,37.9015659097
813,40.509782354,37.9015659097
814,40.5368203913,37.8753124245
815,40.509782354,37.8753124245
816,40.509782354,37.8506096754
817,40.4843428837,37.8506096754
818,40.4843428837,37.8506096754
819,40.4843428837,37.8506096754
820,40.4843428837,37.8259131306
821,40.4843428837,37.8506096754
822,40.4589112454,37.8259131306
823,40.4589112454,37.8259131306
824,40.4589112454,37.8259131306
825,40.4589112454,37.8012227754
826,40.4334874227,37.8012227754
827,40.4334874227,37.774996039
828,40.4334874227,37.774996039
829,40.4334874227,37.774996039
830,40.406483156,37.774996039
831,40.406483156,37.7503184045
832,40.406483156,37.7503184045
833,40.406483156,37.7503184045
834,40.406483156,37.7503184045
835,40.406483156,37.7503184045
836,40.3810754005,37.7503184045
837,40.3810754005,37.7256469153
838,40.3810754005,37.7256469153
839,40.3810754005,37.7256469153
840,40.3810754005,37.7256469153
841,40.3556754101,37.6994401754
842,40.3556754101,37.6994401754
843,40.3556754101,37.6994401754
844,40.3556754101,37.6994401754
845,40.3556754101,37.6747813155
846,40.3033123826,37.6747813155
847,40.3302831681,37.6501285568
848,40.3033123826,37.6501285568
849,40.3033123826,37.6501285568
850,40.3033123826,37.6501285568
851,40.3033123826,37.6239416697
852,40.3033123826,37.6239416697
853,40.3033123826,37.6239416697
854,40.3033123826,37.6239416697
855,40.2779360701,37.6239416697
856,40.2779360701,37.6239416697
857,40.2779360701,37.5993014493
858,40.2525674558,37.574667286
859,40.2256217197,37.574667286
860,40.2256217197,37.574667286
861,40.2256217197,37.574667286
862,40.2256217197,37.574667286
863,40.2256217197,37.5500391656
864,40.2256217197,37.5500391656
865,40.2002689314,37.5500391656
866,40.2002689314,37.5500391656
867,40.2002689314,37.5500391656
868,40.2002689314,37.5238783927
869,40.1749237912,37.5238783927
870,40.2002689314,37.5238783927
871,40.1749237912,37.5238783927
872,40.1749237912,37.4992626903
873,40.1749237912,37.4992626903
874,40.1749237912,37.4992626903
875,40.1495862829,37.4992626903
876,40.1495862829,37.4746529869
877,40.1495862829,37.4992626903
878,40.1495862829,37.4746529869
879,40.1226735245,37.4485117342
880,40.1226735245,37.4485117342
881,40.1226735245,37.4485117342
882,40.0973517056,37.4485117342
883,40.0973517056,37.4485117342
884,40.0973517056,37.4485117342
885,40.0973517056,37.4239143586
886,40.0973517056,37.4239143586
887,40.0720374689,37.4239143586
888,40.0720374689,37.4239143586
889,40.0720374689,37.4239143586
890,40.0720374689,37.3993229382
891,40.0720374689,37.3993229382
892,40.0720374689,37.3993229382
893,40.046730798,37.3747374589
894,40.0720374689,37.3747374589
895,40.046730798,37.3747374589
896,40.0198507321,37.3486218809
897,40.0198507321,37.3486218809
898,40.0198507321,37.3486218809
899,40.0198507321,37.3486218809
900,40.0198507321,37.3486218809
901,39.9945596149,37.3486218809
902,39.9945596149,37.32404861
903,39.9945596149,37.32404861
904,39.969276014,37.32404861
905,39.969276014,37.32404861
906,39.969276014,37.2994812368
907,39.969276014,37.2994812368
908,39.969276014,37.2994812368
909,39.969276014,37.2994812368
910,39.969276014,37.2733848488
911,39.9424204058,37.2733848488
912,39.9424204058,37.2733848488
913,39.9424204058,37.2488295944
914,39.9424204058,37.2488295944
915,39.9424204058,37.2488295944
916,39.9424204058,37.2488295944
917,39.9171522566,37.2242801942
918,39.8918915744,37.2242801942
919,39.8918915744,37.2242801942
920,39.8918915744,37.2242801942
921,39.8918915744,37.2242801942
922,39.8918915744,37.2242801942
923,39.8918915744,37.2242801942
924,39.8918915744,37.1982028552
925,39.8918915744,37.1982028552
926,39.8666383434,37.1736654847
927,39.8666383434,37.1736654847
928,39.8666383434,37.1736654847
929,39.8398149315,37.1736654847
930,39.8398149315,37.1491339251
931,39.8398149315,37.1736654847
932,39.8145770175,37.1491339251
933,39.8145770175,37.1491339251
934,39.8145770175,37.1491339251
935,39.8145770175,37.1491339251
936,39.7893465055,37.1246081624
937,39.8145770175,37.1246081624
938,39.7893465055,37.1246081624
939,39.7893465055,37.1246081624
940,39.7893465055,37.1246081624
941,39.7641233796,37.0985558754
942,39.7641233796,37.0985558754
943,39.7641233796,37.0985558754
944,39.7641233796,37.0985558754
945,39.7641233796,37.0985558754
946,39.7641233796,37.0740420243
947,39.7641233796,37.0740420243
948,39.7373318832,37.0495339271
949,39.7373318832,37.0495339271
950,39.7373318832,37.0495339271
951,39.7373318832,37.0235003626
952,39.7121239406,37.0235003626
953,39.7121239406,37.0235003626
954,39.7373318832,37.0235003626
955,39.7121239406,37.0235003626
956,39.6869233351,37.0235003626
957,39.6869233351,37.0235003626
958,39.6869233351,36.9990040884
959,39.6869233351,36.9990040884
960,39.6601557134,36.9990040884
961,39.6601557134,36.9745135252
962,39.6601557134,36.9745135252
963,39.6601557134,36.9745135252
964,39.6601557134,36.9484985436
965,39.6601557134,36.9484985436
966,39.6601557134,36.9484985436
967,39.6601557134,36.9484985436
968,39.6349701908,36.9484985436
969,39.6097919569,36.9484985436
970,39.6097919569,36.9484985436
971,39.6097919569,36.9240197151
972,39.6097919569,36.9240197151
973,39.6097919569,36.9240197151
974,39.6097919569,36.9240197151
975,39.5846209957,36.9240197151
976,39.5846209957,36.9240197151
977,39.5846209957,36.8995465547
978,39.5578848007,36.8750790486
979,39.5846209957,36.8995465547
980,39.5846209957,36.8750790486
981,39.5578848007,36.8490885032
982,39.5578848007,36.8490885032
983,39.5578848007,36.8490885032
984,39.5578848007,36.8750790486
985,39.5578848007,36.8490885032
986,39.5578848007,36.8490885032
987,39.5327287898,36.8490885032
988,39.5327287898,36.8246326151
989,39.5327287898,36.8246326151
990,39.5327287898,36.8246326151
991,39.5075800034,36.8246326151
992,39.5075800034,36.8246326151
993,39.5075800034,36.8246326151
994,39.4808673161,36.8001823386
995,39.4808673161,36.7742100531
996,39.4808673161,36.8001823386
997,39.4808673161,36.8001823386
998,39.4808673161,36.7742100531
999,39.4808673161,36.7742100531
1000,39.4557333805,36.7497713069
1001,39.4808673161,36.7742100531
1002,39.4557333805,36.7497713069
1003,39.4557333805,36.7497713069
1004,39.4557333805,36.7497713069
1005,39.4557333805,36.7497713069
1006,39.4557333805,36.72533813
1007,39.4306066212,36.72533813
1008,39.4054870225,36.72533813
1009,39.4306066212,36.72533813
1010,39.4054870225,36.72533813
1011,39.4054870225,36.7009105085
1012,39.4054870225,36.7009105085
1013,39.4054870225,36.7009105085
1014,39.4054870225,36.7009105085
1015,39.4054870225,36.7009105085
1016,39.3788052774,36.6749622322
1017,39.3788052774,36.6749622322
1018,39.3788052774,36.6749622322
1019,39.3788052774,36.6749622322
1020,39.3788052774,36.6505460251
1021,39.3788052774,36.6505460251
1022,39.3537003981,36.6505460251
1023,39.3537003981,36.6505460251
1024,39.3286026316,36.6505460251
1025,39.3286026316,36.6261353311
1026,39.3286026316,36.6261353311
1027,39.3286026316,36.6261353311
1028,39.3286026316,36.6261353311
1029,39.3286026316,36.6002049941
1030,39.3286026316,36.6261353311
1031,39.3035119622,36.6002049941
1032,39.3035119622,36.6002049941
1033,39.3035119622,36.5758056274
1034,39.2768608849,36.5758056274
1035,39.2768608849,36.5758056274
1036,39.2768608849,36.5758056274
1037,39.2768608849,36.5758056274
1038,39.2768608849,36.5514117318
1039,39.2517848042,36.5514117318
1040,39.2517848042,36.5514117318
1041,39.2517848042,36.5514117318
1042,39.2517848042,36.5514117318
1043,39.2517848042,36.5254991969
1044,39.2517848042,36.5254991969
1045,39.2517848042,36.5254991969
1046,39.2517848042,36.5254991969
1047,39.226715773,36.5254991969
1048,39.2000876341,36.5254991969
1049,39.2000876341,36.5011165418
1050,39.2000876341,36.5011165418
1051,39.2000876341,36.5011165418
1052,39.2000876341,36.5011165418
1053,39.2000876341,36.5011165418
1054,39.1750330935,36.4767393158
1055,39.1750330935,36.4767393158
1056,39.1750330935,36.452367505
1057,39.1750330935,36.452367505
1058,39.1750330935,36.452367505
1059,39.1750330935,36.452367505
1060,39.1499855549,36.452367505
1061,39.1750330935,36.452367505
1062,39.1499855549,36.4264783743
1063,39.1499855549,36.4264783743
1064,39.1499855549,36.4264783743
1065,39.1249450029,36.4264783743
1066,39.1499855549,36.4264783743
1067,39.1249450029,36.4264783743
1068,39.1249450029,36.4264783743
1069,39.0983470543,36.4021176894
1070,39.1249450029,36.4021176894
1071,39.0983470543,36.4021176894
1072,39.0983470543,36.377762378
1073,39.0733208633,36.351890732
1074,39.0983470543,36.377762378
1075,39.0733208633,36.351890732
1076,39.0733208633,36.351890732
1077,39.0733208633,36.351890732
1078,39.0733208633,36.351890732
1079,39.0733208633,36.351890732
1080,39.0733208633,36.351890732
1081,39.0483016117,36.351890732
1082,39.0483016117,36.3275464603
1083,39.0483016117,36.3275464603
1084,39.0483016117,36.3275464603
1085,39.0483016117,36.3275464603
1086,39.023289284,36.3275464603
1087,39.023289284,36.3032075203
1088,39.023289284,36.3032075203
1089,38.9967212552,36.3032075203
1090,38.9967212552,36.3032075203
1091,38.9967212552,36.3032075203
1092,38.9967212552,36.2788738985
1093,38.9717231597,36.2788738985
1094,38.9717231597,36.2788738985
1095,38.9717231597,36.2788738985
1096,38.9717231597,36.2530252372
1097,38.9717231597,36.2530252372
1098,38.9717231597,36.2530252372
1099,38.9467319411,36.2530252372
1100,38.9467319411,36.2530252372
1101,38.9467319411,36.2530252372
1102,38.9467319411,36.2530252372
1103,38.9467319411,36.2287025412
1104,38.9467319411,36.2287025412
1105,38.9467319411,36.2287025412
1106,38.9467319411,36.2287025412
1107,38.9201862894,36.2287025412
1108,38.9201862894,36.2043851218
1109,38.9201862894,36.2043851218
1110,38.9201862894,36.2043851218
1111,38.8952092062,36.2043851218
1112,38.8952092062,36.1785536301
1113,38.8702389532,36.1785536301
1114,38.8952092062,36.1785536301
1115,38.8702389532,36.1785536301
1116,38.8702389532,36.1785536301
1117,38.8702389532,36.154247051
1118,38.8702389532,36.154247051
1119,38.8702389532,36.154247051
1120,38.8452755152,36.154247051
1121,38.8452755152,36.154247051
1122,38.8452755152,36.154247051
1123,38.8452755152,36.154247051
1124,38.8452755152,36.129945707
1125,38.8452755152,36.129945707
1126,38.8452755152,36.129945707
1127,38.8187593123,36.129945707
1128,38.8187593123,36.1041312501
1129,38.7938098818,36.1041312501
1130,38.7938098818,36.1041312501
1131,38.7938098818,36.079840661
1132,38.7938098818,36.1041312501
1133,38.7938098818,36.1041312501
1134,38.7938098818,36.079840661
1135,38.7938098818,36.079840661
1136,38.7688672197,36.079840661
1137,38.7688672197,36.0555552658
1138,38.7688672197,36.0555552658
1139,38.7688672197,36.0555552658
1140,38.7439313108,36.0555552658
1141,38.7439313108,36.0555552658
1142,38.7688672197,36.0555552658
1143,38.7439313108,36.0312750511
1144,38.7439313108,36.0312750511
1145,38.7439313108,36.0312750511
1146,38.7439313108,36.0312750511
1147,38.7439313108,36.0312750511
1148,38.71744429,36.005482984
1149,38.71744429,36.0312750511
1150,38.71744429,36.005482984
1151,38.71744429,36.005482984
1152,38.6925222616,35.9812134114
1153,38.6925222616,35.9812134114
1154,38.6925222616,35.9812134114
1155,38.66760694,35.9812134114
1156,38.6925222616,35.956948978
1157,38.66760694,35.9812134114
1158,38.66760694,35.9812134114
1159,38.66760694,35.956948978
1160,38.66760694,35.956948978
1161,38.66760694,35.956948978
1162,38.66760694,35.956948978
1163,38.6411417426,35.956948978
1164,38.6411417426,35.956948978
1165,38.6411417426,35.9311736337
1166,38.6411417426,35.9311736337
1167,38.6411417426,35.9311736337
1168,38.6411417426,35.9311736337
1169,38.6162402061,35.9311736337
1170,38.6162402061,35.9069197578
1171,38.6162402061,35.9069197578
1172,38.5913453302,35.9069197578
1173,38.5913453302,35.9069197578
1174,38.5913453302,35.9069197578
1175,38.5913453302,35.9069197578
1176,38.5913453302,35.88267098
1177,38.5913453302,35.88267098
1178,38.5664570999,35.88267098
1179,38.5664570999,35.88267098
1180,38.5664570999,35.8584272872
1181,38.5664570999,35.8584272872
1182,38.5664570999,35.8584272872
1183,38.5664570999,35.8584272872
1184,38.5400206199,35.8326739201
1185,38.5664570999,35.8584272872
1186,38.5664570999,35.8326739201
1187,38.5400206199,35.8326739201
1188,38.5400206199,35.8326739201
1189,38.5400206199,35.8326739201
1190,38.5400206199,35.8326739201
1191,38.5400206199,35.8326739201
1192,38.5151460487,35.8084406727
1193,38.5151460487,35.8084406727
1194,38.5151460487,35.7842124692
1195,38.5151460487,35.7842124692
1196,38.4902780771,35.7842124692
1197,38.4902780771,35.7842124692
1198,38.4902780771,35.7842124692
1199,38.4902780771,35.7584755149
1200,38.4654166902,35.7584755149
1201,38.4654166902,35.7584755149
1202,38.4654166902,35.7584755149
1203,38.4654166902,35.7342576726
1204,38.4654166902,35.7584755149
1205,38.4654166902,35.7342576726
1206,38.4390086646,35.7342576726
1207,38.4390086646,35.7342576726
1208,38.4390086646,35.7342576726
1209,38.4390086646,35.7342576726
1210,38.4390086646,35.7342576726
1211,38.4390086646,35.7342576726
1212,38.4390086646,35.7342576726
1213,38.4141608113,35.7100448336
1214,38.4141608113,35.7100448336
1215,38.3893194969,35.7100448336
1216,38.4141608113,35.7100448336
1217,38.3893194969,35.6843241593
1218,38.3893194969,35.6843241593
1219,38.3893194969,35.6843241593
1220,38.3893194969,35.6601215976
1221,38.3629327484,35.6601215976
1222,38.3629327484,35.6601215976
1223,38.3629327484,35.6601215976
1224,38.3629327484,35.6601215976
1225,38.3629327484,35.6601215976
1226,38.3381048735,35.6359239984
1227,38.3381048735,35.6601215976
1228,38.3381048735,35.6359239984
1229,38.3381048735,35.6359239984
1230,38.3381048735,35.6359239984
1231,38.3381048735,35.6359239984
1232,38.3381048735,35.6359239984
1233,38.3381048735,35.6117313486
1234,38.313283492,35.6359239984
1235,38.313283492,35.6117313486
1236,38.313283492,35.6117313486
1237,38.313283492,35.5860320665
1238,38.313283492,35.5860320665
1239,38.313283492,35.5860320665
1240,38.2884685889,35.5860320665
1241,38.2884685889,35.5860320665
1242,38.2884685889,35.5860320665
1243,38.2621098364,35.5618495829
1244,38.2884685889,35.5618495829
1245,38.2621098364,35.5618495829
1246,38.2621098364,35.5618495829
1247,38.2621098364,35.5618495829
1248,38.2621098364,35.5376720083
1249,38.2621098364,35.5376720083
1250,38.2621098364,35.5376720083
1251,38.2621098364,35.5376720083
1252,38.2373082485,35.5376720083
1253,38.2373082485,35.5376720083
1254,38.2373082485,35.5376720083
1255,38.2373082485,35.5119886991
1256,38.2373082485,35.5119886991
1257,38.2125130937,35.5119886991
1258,38.2125130937,35.5119886991
1259,38.186175274,35.5119886991
1260,38.186175274,35.5119886991
1261,38.186175274,35.4878212074
1262,38.186175274,35.4878212074
1263,38.186175274,35.4878212074
1264,38.186175274,35.4636585841
1265,38.161393341,35.4878212074
1266,38.161393341,35.4636585841
1267,38.161393341,35.4636585841
1268,38.161393341,35.4636585841
1269,38.161393341,35.4636585841
1270,38.1366177959,35.4636585841
1271,38.1366177959,35.4636585841
1272,38.1366177959,35.4636585841
1273,38.1366177959,35.4395008161
1274,38.1366177959,35.4395008161
1275,38.1366177959,35.4395008161
1276,38.1366177959,35.4395008161
1277,38.1366177959,35.4395008161
1278,38.1118486241,35.413838493
1279,38.1366177959,35.413838493
1280,38.1366177959,35.3896906976
1281,38.1118486241,35.3896906976
1282,38.1118486241,35.3896906976
1283,38.1118486241,35.3896906976
1284,38.0855383458,35.3896906976
1285,38.1118486241,35.3896906976
1286,38.0855383458,35.3655477174
1287,38.0855383458,35.3655477174
1288,38.0855383458,35.3655477174
1289,38.0607822723,35.3655477174
1290,38.0607822723,35.3655477174
1291,38.0607822723,35.3655477174
1292,38.0607822723,35.3655477174
1293,38.0360325272,35.3655477174
1294,38.0607822723,35.3399010621
1295,38.0360325272,35.3655477174
1296,38.0360325272,35.3399010621
1297,38.0360325272,35.3399010621
1298,38.0360325272,35.3399010621
1299,38.0360325272,35.3399010621
1300,38.0360325272,35.3399010621
1301,38.0112890956,35.3157679716
1302,38.0112890956,35.3157679716
1303,38.0112890956,35.3157679716
1304,37.935551458,35.3157679716
1305,37.935551458,35.3157679716
1306,37.935551458,35.2916396561
1307,37.935551458,35.3157679716
1308,37.935551458,35.2916396561
1309,37.935551458,35.2916396561
1310,37.935551458,35.2916396561
1311,37.935551458,35.2660085381
1312,37.9092888616,35.2660085381
1313,37.9092888616,35.2660085381
1314,37.9092888616,35.2660085381
1315,37.9092888616,35.2418900297
1316,37.9092888616,35.2418900297
1317,37.9092888616,35.2418900297
1318,37.884577558,35.2418900297
1319,37.884577558,35.2418900297
1320,37.8598724785,35.2418900297
1321,37.8598724785,35.2418900297
1322,37.8598724785,35.2418900297
1323,37.8598724785,35.2418900297
1324,37.8598724785,35.2177762562
1325,37.8598724785,35.2177762562
1326,37.8598724785,35.2177762562
1327,37.8598724785,35.2177762562
1328,37.8598724785,35.1936672046
1329,37.8598724785,35.2177762562
1330,37.8351736088,35.1936672046
1331,37.8351736088,35.1936672046
1332,37.8351736088,35.1936672046
1333,37.8351736088,35.1936672046
1334,37.8351736088,35.1936672046
1335,37.8089378474,35.1680564965
1336,37.8089378474,35.1680564965
1337,37.8089378474,35.1680564965
1338,37.8089378474,35.1680564965
1339,37.7842517393,35.1680564965
1340,37.7842517393,35.1680564965
1341,37.7842517393,35.1439571427
1342,37.7842517393,35.1439571427
1343,37.7842517393,35.1439571427
1344,37.7842517393,35.1439571427
1345,37.7595717965,35.1439571427
1346,37.7595717965,35.1439571427
1347,37.7595717965,35.1198624709
1348,37.7595717965,35.1198624709
1349,37.7595717965,35.1198624709
1350,37.7595717965,35.1198624709
1351,37.7595717965,35.1198624709
1352,37.7348980045,35.1198624709
1353,37.7348980045,35.0942669978
1354,37.7348980045,35.0942669978
1355,37.7348980045,35.0942669978
1356,37.7348980045,35.0942669978
1357,37.7348980045,35.0701819416
1358,37.7348980045,35.0701819416
1359,37.7348980045,35.0701819416
1360,37.7086888238,35.0701819416
1361,37.7086888238,35.0701819416
1362,37.7086888238,35.0701819416
1363,37.7086888238,35.0701819416
1364,37.7086888238,35.0701819416
1365,37.6840276722,35.0461015278
1366,37.6840276722,35.0701819416
1367,37.6840276722,35.0461015278
1368,37.6840276722,35.0461015278
1369,37.6593726272,35.0461015278
1370,37.6593726272,35.0205211601
1371,37.6593726272,35.0205211601
1372,37.6593726272,35.0205211601
1373,37.6593726272,35.0205211601
1374,37.6593726272,34.99645028
1375,37.6331833169,34.99645028
1376,37.6331833169,34.99645028
1377,37.6331833169,34.99645028
1378,37.6331833169,34.99645028
1379,37.6331833169,34.99645028
1380,37.6331833169,34.99645028
1381,37.6331833169,34.9723840025
1382,37.6331833169,34.9723840025
1383,37.6085408213,34.9723840025
1384,37.6085408213,34.9723840025
1385,37.6085408213,34.9723840025
1386,37.6085408213,34.9483223146
1387,37.5839043883,34.9483223146
1388,37.5839043883,34.9483223146
1389,37.5839043883,34.9483223146
1390,37.5839043883,34.9483223146
1391,37.5592740035,34.9483223146
1392,37.5839043883,34.9483223146
1393,37.5592740035,34.9227617857
1394,37.5839043883,34.9483223146
1395,37.5592740035,34.9483223146
1396,37.5592740035,34.9227617857
1397,37.5592740035,34.9227617857
1398,37.5592740035,34.9227617857
1399,37.5331108306,34.9227617857
1400,37.5592740035,34.9227617857
1401,37.5592740035,34.9227617857
1402,37.5331108306,34.8987095232
1403,37.5331108306,34.8987095232
1404,37.5331108306,34.8987095232
1405,37.5331108306,34.8746618108
1406,37.5331108306,34.8746618108
1407,37.508492875,34.8746618108
1408,37.508492875,34.8746618108
1409,37.508492875,34.8746618108
1410,37.508492875,34.8746618108
1411,37.508492875,34.8491160876
1412,37.4838809236,34.8491160876
1413,37.4838809236,34.8491160876
1414,37.4838809236,34.8491160876
1415,37.4838809236,34.8491160876
1416,37.4592749623,34.8491160876
1417,37.4592749623,34.8491160876
1418,37.4592749623,34.8491160876
1419,37.4592749623,34.8491160876
1420,37.4592749623,34.8250777192
1421,37.4592749623,34.8250777192
1422,37.4592749623,34.8010438615
1423,37.4592749623,34.8250777192
1424,37.4592749623,34.8010438615
1425,37.4331376758,34.8010438615
1426,37.4331376758,34.8010438615
1427,37.4331376758,34.8010438615
1428,37.4331376758,34.8010438615
1429,37.4331376758,34.8010438615
1430,37.4085440239,34.7514882206
1431,37.4085440239,34.7514882206
1432,37.4085440239,34.7514882206
1433,37.4085440239,34.7514882206
1434,37.4085440239,34.727468097
1435,37.3839563183,34.727468097
1436,37.3839563183,34.727468097
1437,37.3839563183,34.727468097
1438,37.3839563183,34.727468097
1439,37.3839563183,34.727468097
1440,37.3839563183,34.727468097
1441,37.3839563183,34.7034524319
1442,37.3578383808,34.7034524319
1443,37.3578383808,34.6779406586
1444,37.3578383808,34.6779406586
1445,37.3578383808,34.6779406586
1446,37.3578383808,34.6779406586
1447,37.3578383808,34.6779406586
1448,37.3578383808,34.6779406586
1449,37.3332628947,34.6779406586
1450,37.3332628947,34.6779406586
1451,37.3332628947,34.6779406586
1452,37.3332628947,34.6779406586
1453,37.3332628947,34.6779406586
1454,37.3332628947,34.6539341487
1455,37.3332628947,34.6539341487
1456,37.3332628947,34.6539341487
1457,37.3086933115,34.6539341487
1458,37.3086933115,34.6539341487
1459,37.3086933115,34.6539341487
1460,37.3086933115,34.6299320582
1461,37.3086933115,34.6299320582
1462,37.3086933115,34.6044346651
1463,37.3086933115,34.6299320582
1464,37.3086933115,34.6299320582
1465,37.3086933115,34.6044346651
1466,37.284129617,34.6044346651
1467,37.258037128,34.6044346651
1468,37.284129617,34.6044346651
1469,37.258037128,34.5804416491
1470,37.258037128,34.6044346651
1471,37.258037128,34.5804416491
1472,37.258037128,34.5804416491
1473,37.258037128,34.5804416491
1474,37.258037128,34.5804416491
1475,37.2334855342,34.5804416491
1476,37.2334855342,34.5804416491
1477,37.2334855342,34.5804416491
1478,37.2334855342,34.5564530133
1479,37.2334855342,34.5564530133
1480,37.2334855342,34.5804416491
1481,37.2334855342,34.5564530133
1482,37.2334855342,34.5564530133
1483,37.2334855342,34.5564530133
1484,37.2089397857,34.5564530133
1485,37.2089397857,34.532468745
1486,37.2089397857,34.532468745
1487,37.1843998684,34.532468745
1488,37.1843998684,34.532468745
1489,37.2089397857,34.532468745
1490,37.1843998684,34.532468745
1491,37.1843998684,34.5069902311
1492,37.1843998684,34.5069902311
1493,37.1843998684,34.532468745
1494,37.1843998684,34.5069902311
1495,37.1843998684,34.5069902311
1496,37.1583325798,34.4830149305
1497,37.1583325798,34.4830149305
1498,37.1583325798,34.4830149305
1499,37.1583325798,34.4830149305
1500,37.1583325798,34.4830149305
